0x99F4176EE457afedFfCB1839c7aB7A030a5e4A92,25033827050747497776542
0x8cA24021E3Ee3B5c241BBfcee0712554D7Dc38a1,13327356960371365206831
0xC8C2b727d864CC75199f5118F0943d2087fB543b,9721216167959771572652
0x629b1166064abc68a4eA392E37Cd4133103d7516,1585315708995199194985
0x7113FBdc1c6EF083a72Ba152b446b10654E4e05e,1483253466666569690015
0xc6a21511Ebd02525CF94bD1dD379fDE007550dEA,739401236398067710968
0x42f9134E9d3Bf7eEE1f8A5Ac2a4328B059E7468c,476884335658880219457
0x89808C49F858b86E80B892506CF11606Fb25fCDC,405827052957203651286
0x759a159D78342340EbACffB027c05910c093f430,338015373714436738939
0x0404bbA9218774Da40106DE4FB8a8970bCAF4Dae,314012625273665810138
0xa24727B0B849732db0258B6fe1b7f3E325d40F76,298516182779921356675
0xdCB7e8f1B586c94dDE9b430557E4Df6727779ACA,291859224613578098762
0xBbb33d2e7bD7ddC722E53Da9cA8ee97Df41CfaBF,279758205906613568354
0x7E935fac4448102C16FA83aBC01Ac57D38123dca,243690136729463418995
0x510B0068C0756bBEFCBaffB6567e467d661291FE,207000159645033896579
0xF1010eE787Ee588766b441d7cC397b40DdFB17a3,180127163191204357989
0x67e5ab5b573F01030a1076dDA7A79Ef0f31A1bFa,177574979084300478309
0x2C4335854Be0793d569F62Fe77e27990194772fC,157235441366360259593
0x2ce5f9f52C1eec9a1183f91139C59b485Ff39dAd,143484404297143735539
0xE2e4F2A725E42D0F0EF6291F46c430F963482001,143294699126677173392
0x1d4ACBC9F70Cadd4E6Eb215731B8a20BB848D042,138056640853089881420
0xE51231DAA306aCF16EAc34A864564cA36B262A1f,136854616144373099645
0x3F7A4968FA9992D77af365eb34918e6C0b8a4240,133824078637629920964
0xf88d3412764873872aB1FdED5F168a6c1A3bF7bB,118438274738423037876
0x215B67D707cEd250c3803a19348E9C565E42d7A3,116685922010964403217
0xe0041EA9c685fd159E7CB45adf6119AE791F3c93,112349006724908805307
0x4a8B9E2C2940fdd39aceb384654dc59aCB58C337,108988443536964125622
0x6475CCd47d2572Ce4A739e023C75025b8f600e34,104852380969432391315
0xDFaB977372A039e78839687b8c359465f0f17532,95050417455891364423
0xcdA16A18d3F942571E7ba81B7D2219A6802C45A1,92941259437575356796
0x70265950ADD51748Aa041dE8aCcce6747507ADcE,88476433093968875005
0xf658269Ca1B33E2557F0E0B5088748cbE71B627b,85244543264562357620
0xa33c7f924399b59A8Ee627388A108beAb5E12EaF,85196626554266343844
0x7476D1e9659a49B92C3f65F0A6De00a18fc3D6fA,83560432168135571846
0x9389E143DfF86096766Cd9fF82198857745A8d7b,81482604659961310684
0x41574C34BfEBD8E87DaEF8BFB825966Ef75132B6,80767289798081264267
0x2421134C8E8278ad199f6886ae70C5C373dA3b48,77788581223081120247
0xC814d2ef6D893568c74cD969Eb6F72a62fc261f7,77275521097885207969
0x2db6F5e838eD2BaD993E9FF2D3d7A5c1Cc35704C,74046630542918738493
0xA2dCB52F5cF34a84A2eBFb7D937f7051ae4C697B,73690527236136736675
0x12478d1a60a910C9CbFFb90648766a2bDD5918f5,69906289759350477310
0x1Ddb367720Ed4B2D79D6EaAB82c14B70aE1253Bc,69899425535011141470
0x1d5E65a087eBc3d03a294412E46CE5D6882969f4,67030353006225725020
0x7a0dff2a955B72159650300a9aCeF97146dd12e6,66514536071805210813
0xc53351FC5762E6EAFB8DdAC98851D59C4Ea7B7d4,65134815755181278390
0xD21A227d7a5C9d475De1A293CFb07dD9Fa0FcEB0,65028334430655811876
0x3b454077AAf52fF3Baec9128194191b7796247ba,64857953237828449280
0x1B89a08D82079337740e1cef68c571069725306e,63700142691662826559
0x9a027B64d6Fc4A77E34AE40F5e6F9310C457737F,62896003078052743234
0xeC0B8A38D1f217984a5a22f4d1938D474902f984,61995278291592807255
0x96A6505172a24E54A56147CF884Bd4C2f315F741,60096839006632769601
0xbF49B454818783D12Bf4f3375ff17C59015e66Cb,59181360796946913883
0xC05320F54075452fF1a5ce420D64c9D025A452BB,58037258445390278289
0xECB6a3E0E99700b32bb03BA14727d99FE8E538cf,57108575716470503401
0xBb1e599e15f2bf248732ef060cadFFeB6363cC4C,57070197298761412370
0xF1b98463d6574c998f03e6EDF6D7b4e5F917F915,55951849603175095442
0x6710073666E7b9E8c1bA1d9D4CDeD9d1513D1D1F,54447146928404374359
0x0EEaCD4c475040463389d15EAd034d1291b008b1,52270013745823589203
0x0b0e3Ebe78b965Bd0AE25a7C5C1cc8cFF23a07E7,51958690133921141834
0x764f4909251F81976A0A2DCeBcE95333e4C27517,51262073541135854908
0x0F45156F109e474295913D78036FA213b1745D5A,50436542066855869801
0xcbfc78d7e26C2FF131867ed74FA65572dAd6FC90,47565006450677302453
0x3a20D6cde0f85303F0fD623D3Dc5755D41f7Ab41,46182809075737388828
0x6DE6E901Bbefd26a9888798a25E4A49309D04CA9,44390506720053817375
0x9cFD5052DC827c11a6B3Ab2BB5091773765ea2c8,43896070761909827400
0xF7B10D603907658F690Da534E9b7dbC4dAB3E2D6,42000909146069730227
0x16b8Cc5B1558b365D9844385425b13Bde0ceaa49,41021900964230573555
0x51064197a20A4b1b8ba92B747f4b56D6759fCFce,39664937381433514554
0xC54570b8EB8138aCE95132b944b7b6Bb391976Dc,39646320911591118989
0xb476a9eA9376B04972B40b40a4CA91d3E5f964a7,39582088915599324812
0xd87EcC6C74F486B044824a222326A96F696fCfA2,39578470135762177786
0xF60595B5Bb6fa8135C0Feef89543521FF38Ba83E,38934072072633662360
0xe88857D67CF8E0031cA1674fFE17f72578e566eE,38378913135489110610
0x8a8feACc614fa4b59cC2501F680c28E98E57bd14,37198623324883938851
0x098d818816f0427d513d5AE66b4d55fDF55a89c9,37188977999721750490
0xA3E373ad4b28CE9b6A35253d7fDDeB875Df5fB77,36882756528174512906
0x0f4cD6be5Aef5857352E1C6d481f4c2C3bC9C4FE,36676886354941997048
0xe3f0254B09AEc48ffA46f9eeE5A3BC7a8E510e6D,36454798347449500956
0xfCc1b0AAEb2b9063AB34FdfBB3EEDc2FF30ae4F2,36366687512162861943
0x473C6494180ad9Cd726f8a7a51cF8e88Bbf72bc6,35592038191848223117
0x7f367b67e09cFC9075644b020E4162eff244990f,35536894989312474844
0x72c2c890625F7e2eC82A49a5B0D6438C36FC1bB5,35122908976501238577
0x79792c512D1029a640C86f20C9d30ef3643D4d38,34980449903485172096
0x7fd8A3e656C90A0e3cd703e4bA46aa4C9d9e84fB,34937441607859229046
0x8be60fe9F7C8d940D8DA9d5dDD0D8E0c15A4288B,34689736861449760133
0xd8e80c06f9F3A41c85cAd28117e01ebD50fd535e,34348558364704444909
0xbd3a148D241CFEaA37BBB32369c2BA71C7D44EBB,34127433191249776462
0xCb926F497763eA5CF993912A442431E6a91d5A64,33755513275729738898
0x95938CD87E7b6540BE27D44C7577Ad4fA8B85a72,33002839686294158728
0x8f9bE4310f9AbB0E5843Cc6363908C9B01dfeB3F,32948444354408947951
0x8322C00CaB37c8a00b127A3aAAC08d49c7Fa0025,32488175409805283575
0x6dc88B231Cd04Dd1b1e525161162993F47140006,32386327034019941935
0xf75200b7684A120fBa433145609112616749C082,31908429692640239001
0x579C5CE071691aec2EBfe45737D487860eB6F3f5,31876783888681737846
0x5Cec084Ab54CFC07785c766a74aB8e921BC6eAEe,31720965333903158510
0x29E78e2438E589A0054d45b8a5f6C2eEEE9A68Df,31113100059780357520
0x917b4B0E86fC7766695095dD1A5292B3BE8b2D14,31021012559026014677
0x24c35D308f4771930f24ca2Ed9FC911E2785572C,30912273558230812680
0xD68C599A549E8518b2E0daB9cD437C930ac2f12B,30673231173892506119
0x1EBb814C9EF016E6012bE299ED834f1dDcEd1529,30282680143435310062
0xf055BBC8cA7253eAeebc3Ae6c3ee0eF7BEf04368,28732682530430338286
0xEf7D9be5A88aF3c6Bc4D87606b2747695485E50E,28700878655246978201
0x521d155cee171DAD885eAE47a97A8c489c3C70C9,28553968338506040072
0x7ccf173012bfE53F16F4D6A2a4aea32abAfcD04C,28516461170152033994
0x57478b221022952C825668f105D2EE29c8B87ba4,28192998561657950948
0xC6a8f0f8379f06Ca34F2f9a76864278105A6b2f3,28001236960428818647
0xe21658615163C9A74E9b9C2f1d8aCaFa25A99bE4,27958268039261112877
0x8d376C5ffbeB3fD49eEA7B6447df493CEd1c18AF,27901452198621380723
0x9F07A0233Abc178428Aa9A18Baef3188F093A7d0,27590332292222693383
0x953EF149CA90FA1e3518C56178Cba0346d8047Bf,27589782490222998171
0xA47161B6B78363C907DF5af03f2182a7c13407f0,27436117327927390738
0xa9C6e2cef1c161ad81F009463D3D760eC34d1286,26842281603357635521
0xE073182d644ebb5290cfa6915ba94312Fc73A679,26775249402789741955
0x70c3c1D59AC5791E1c7D1b5613c8574ba077C081,26660108834840288741
0x28Dd6f5a98003FC07C92d1A9E909d042963A1001,26644109913549761307
0xAb7Ab9b6495072c1136F96E301bD8f8DE900f119,26516567676559790526
0x6f9BB7e454f5B3eb2310343f0E99269dC2BB8A1d,26145023679326407837
0x7c55C37Ae3da8272c41eeFFf9B6B3C43f6Ef713d,25937035624951898461
0x93DF2Bea2e66d8c4fE547262Bb07975D2774469D,25693710211354380201
0xf6Bed2bb9aB681b0B736f347351FAca63231e84D,25639357500253284006
0xEdDc3369E15E9EfFa6e1eC2eE1ddc3CDf501E852,25533263433018087294
0x5d47E871F81F84D3154AEC772bCce14973112C69,25486077294333864290
0x6E3Ba50F3cad8E8177C6BB9815e9a23E397D5A5B,25459134546954975573
0x5e3391F90a523c61ED5844CB3Aa1c81f3238d9e1,25411300278220955595
0x3CE623b0573d2b0677cb3b13343b3978c6C6ce86,25334271061888600254
0x16d1663A00d4d1a216E0baa84B0AbC69ba35C156,25104793214016438108
0x00Ae7Fe77AB7C4e77F894C76c167DC310766c57a,24808399696465661713
0x26100B99Ed846993733a7d1A335a2F4aF1f1C134,24759610159929957261
0x4e65175f05B4140a0747c29cce997CD4BB7190d4,24697047035206505741
0x138Dd537D56F2F2761a6fC0A2A0AcE67D55480FE,24284262468284701885
0xB6C9e6A2415aB8d26335498BEAc8eeBED4BB2259,24267408575770338882
0xdf7C04C309D77DC561d7eAE8997772F5910f41f4,24075561934975867953
0x4CAe5BED586f6E73Ae54EbD40A4AC4eD2c477C34,24018113919979179675
0x891F1D4DD7d4B3Bf1Be6a3AFCB5bBAADbea6320D,23989242528668457372
0x64BaB5ed694635F0b5d594D78A0Dd0a8499f174e,23863216402483623909
0x88Ed4Ce34fC3f54A24768A5aCd08d59aE860E079,23731578684621751764
0x3f491c542a449243C7a33457847245445C747F48,23669918391394779407
0x86AABcD459587bC1A347aE1E2d15223856354EC9,23628008692263744274
0x1B5a75086461D7896250f236B9433e7379Dc7FDB,23401756255913012350
0x004537FCd9095489EbE38180a382341B962b501d,23159658119392322080
0x0A04362FbdC46b8af04e26246fa07CC636A7790b,22933373035002029738
0x00803232cC216eef9b396D6CfFFD4b51E09F29da,22911189602621183733
0x8dBCE5563c2d86857a7d559453282F315f90bFb8,22770300200144255836
0x05CCF46673Ab0BE3Da43e847CF2438B6476fA1d0,22726909872813978833
0x0ac0240f4656dc80684d0df1208Bb91c0220725D,22713740927425030427
0x2548D5e8AeAdd45367F010B3d013272221908D71,22509638215241909674
0x4F50d47D20380172746527bbeAa274940C38EFAC,22407751860300505836
0x3b528d4aB08EF019972E6bD7f40D55ab35c0846b,22299277840286846963
0x229229284c0eA7C2A898765a5652fc03F0e35293,22184173752696287039
0x65F570384d6cC157A15eac9Bfd9DA88364D59b7F,22148317057167534178
0x63B461A9577cdAea028f25D059868d9Abe6EddBF,22141130394506038707
0xd785a0b9393f8280E1da72C81b8e6d18eDa81Db6,22040829281211266784
0xe1E7106A790017185ECa0731301bfB7c571aF7c1,21862682149668543259
0x5950dc5C3d7820937478F9312539B2e953f62e33,21803925832749030758
0x43b3588856ac370a6C152EDb0B717C089915B9B0,21672935359637707880
0x9cf0b1Ad309a9cB2e6D60c3774519b41aeCDCce1,21563058810273566524
0x4864E9BA3Ab4270E338D1d52a49c383294C34134,21472563506287453571
0x4523b791292da89A9194B61bA4CD9d98f2af68E0,21433543079875382021
0xb5F2949aADDd62C07AB10FFd39964fAF60887560,21413222919911486299
0xFD9ce79FD7F62ca88acE958cD2716f4CCe25e2DF,21343790267509704182
0xcDEcd8e2d264354Db73eEF8eAf564C531d041B09,21201692546837182624
0xFECf68fc98f1FA381ab94701F316311Fc9864292,21164692465231558842
0x90C6577Fb57edF1921ae3F7F45dF7A31e46b9155,21119698119971738155
0x9c4d592042F959254485d443bBc337d29572264F,21068156339958476411
0xC1EdE54cbD1Af82BB36bCa1e72D60E32013cEb10,21038843546830974207
0xefC5FF84594ebF147dCEAeB5c41079672CF0d85C,20983516368076827303
0xF989cc97B3976465fc518a12163A89960735c45f,20819582713386884339
0xdB2B9D473014d8c6A5E55dA92205199457Ba6624,20751604561300858130
0x370a5275F69CB3C2E76CFe575cF7f846f906b34D,20730313680433655977
0x34Dab9a3e3b68C82CA933c0A4c4e0c30dA794722,20727073778516240910
0xA91F4ad4E2740939B858a2Ef728254F1CFB7CD20,20675363047809452127
0xa665D83457cB91C3b254b35a5D61143F66473Be7,20668586231952836084
0x3D139AE6E4A2287E9aCb8Db276FB4d6f8123E55F,20667379198298556711
0x0b98c377b62702748898c5c4C9Ccc2E2F35f084D,20594908197929992886
0xC9aF6c874B78655AceBc503D4232CF10d88a0442,20582853534864139641
0xafa306dBB13Beb550511FFbd304D97461E71603c,20567136328945449821
0x2E26fbfd06f0C691Ce8F2e399fC920cD804CdE3d,20524025490556517482
0xaC749eF37797F963acC59146E1D2F4015E97dC79,20518421384329970034
0x8482a0F31050416AD4344C98bcdb938e9cD3DEa2,20396333823428407631
0x953E35d4361D0E748cf90e47624E4659D2E22a38,20396023045814860293
0x955B1c904C581434eBE76c4FbD69069aC1Cbb319,20390949780643701547
0xC940830aaB193C76629C10a46ff25c68def5De66,20331631580598203025
0xc874901C1aa292781110118Ee4D3731c74E05b16,20320843062816563428
0xDfb9bc53b37b3bd28836917eF6AbFab01F974421,20247960444653060040
0xaBe780bDc3872B4DEC16bD44B2bB999f9151aE28,20204301257036186742
0xa65Ba816f1f01ef234b8480b81A2ED5B3544c61a,20089694377402966356
0x154B0B91D55759936f8189205C821a63a9433D58,20057832668070879031
0x2498F34bF4276E8b535717701Ab6b2D3c50310D5,20054806194005030752
0xA9214877410560B17560955Ca84eABdE4E30DcCA,20038520053925113719
0x0045fa93DEDB0af02956f7D7C306b34263688872,19990709869674175609
0xcFf7A05fF0BE44d0dA52a9BC28c04111C984675d,19979585374923178694
0x9e5A57470A2a136a3d4De39e1996E05944C4b1fb,19973138328742004103
0x265B1827f8b33B1ff1ABAdAAF6BF15E7F6967204,19906118816410616119
0xe519f4cd2803BA53A40E6377E82406e548418660,19880331329063675332
0xcffd91182d94fB37a49fbD626400468197291cCd,19848150510821636239
0x972708Fc31269cda00849015Ea3C3b648c145D42,19804083598953048934
0xfe2c88b7DdCAA5049E1cEf2ea035A62F07b87bD2,19783544475253998532
0x7EE758be4327f5d6967484343baC55624C529CC9,19779974283636683826
0x0E278F7Ef9f25c25e58110f828573f242C65D290,19718603993371107799
0x510b10184853D3999Ab01CBCE24EEBf4E406829A,19717163256107402036
0x885898B4316c13D03534B396FB06c918966a8657,19678712424045488196
0xeb2B8669b17eeBA5f5313B899812e8B2Bb895a7F,19678445236089851778
0xD83D6f32D0e7D498D513f4b9DDb029Bc0b151612,19583037281558357557
0xFda1215797D29414E588B2e62fC390Ee2949aaAA,19528588484797280765
0x2cc96F1a3e55882DE61B965b668AE3A5326f4CE0,19480955672197066943
0xb92667E34cB6753449ADF464f18ce1833Caf26e0,19443663215104078434
0xe89F71e91DafEC474aE97b8BAA53029B30a5E9ec,19393145011995506146
0xCB04F9F5E1Ac544dfFb0d479b696e7AAdb76dBFB,19362315522839791425
0xDf5fa32B726a5118281e74aD3B7C707423e28F8B,19360019635498331859
0x8035045ed2244B6008Ea6c30F0633bd1F5aA86D8,19345551037888173894
0xB74B4347DffdB17E70e0dd3EB192f498844F56F7,19310587175333465277
0x8c4Eb6988A199DAbcae0Ce31052b3f3aC591787e,19300486998216269728
0x0E9d6Ae20c982b43c219E9bEFd94ce2302264068,19279607188798388305
0x87f68D3c871442e32247b0584c2efD7012FBe1F7,19267576635790878995
0xE46c84C4Cc1aF0db9BF24570C85a757eac5E7731,19256058834985039572
0x81Ba93B26bCe8cA5d649B6607DF15E6D45462D8F,19247699368903130145
0x66B259B9E072E1ae256e738Dac2EBc25044178DE,19200620327755642147
0x99D9cc5240b11C986037F5d010a405aC65e140C9,19184391106678437521
0x1661284d7DC8f1Ac20C7f549893c87704F573Faf,19178955913587168531
0x767A60F295AEDd958932088F9Cd6a4951D8739b6,19142647748967520022
0x65cf8ebC125AA5e320FB8Dd5569fe1b0A86D0759,19120963436393614816
0x8Db0E7f8ccB0f1e1447c8af874AfC338F94C2B82,19091720037386920432
0x94cfFb35a4187d93840e13d735ca5784Ba074BCF,19091546837314070924
0x3820977F01255DA9Ca6c7570e9ad54ECdDd59FA4,19085904661694928945
0x0960Da039bb8151cacfeF620476e8bAf34Bd9565,19001474937584844965
0xe0654ABC5FB4917AC59237F8B9f75316982cF0bf,18999254179552313703
0xd4661D0642cd86CA5966247Eff72E64940Ce610D,18907022867768051805
0x5170c6Bb6033F757CE22Bad0C6130059e4bFB817,18906608452591067024
0xB69e74324bc030F1B5409236EFA461496D439116,18899167608997204307
0x0ae24412441d1E3f332D574d31adaF4fFA627cDe,18871727571665044033
0x6fbD0505147Fb7Bf06d21b9379d6afCcfA282Ad4,18791788342421512676
0x6E6aBB4a0b481781f38f2C61ad46396791324567,18656016025241533923
0x40D175ca198474Bbdf8258dd9f512eC40D083772,18644014661391435102
0xF68D2BfCecd7895BBa05a7451Dd09A1749026454,18625885869753883534
0xbCEcF3E57a8123163C56e0657A1027ce93343189,18617781031884515631
0xbfad818EdB25DC4eebac8Cc44a7533bE4652AD6C,18592068697814288607
0x9C2579454B9854FF3dFB64e9Acf687615Ee99856,18560471423319134432
0xBD1f7d88C76A86C60d41bDDD4819fAe404e7151E,18534964665069354035
0x4aB52791c736bC26d1933b4940CE8454e0474d03,18530294249317136496
0x8630821Cd31ff019e7ADDFe0d21c3f401A436D0F,18498440853999064627
0x24aa1Ad305F8e6dE8E0fA2F4c249AC278FBa9D7F,18491653920422333068
0xFe1a00487DD9EB84a7363a1c827a6f045fB121E4,18489129986154906904
0xdF8a73eFab85445866B9165eaD084f808eD421ca,18450992602977788614
0xbAA32387bd55553Ec806622d524b12BbB8242a19,18387486893292516687
0xbA743394ca6c38886c066E45bb9980A09AeC7A65,18376994875014844720
0x742b6DE8Cb16327B68c83e1d6433174dB89FD2E0,18283072106045150259
0x1A92E2b2Db688D5Ce3d24b58dbcC7716912873D0,18277249380349220415
0x2880a6bb2cD1DF6E03dC8BbFBEd009DE586c2603,18254508890820108042
0x28D59E2E8d87B4B272A75b384F6f593a41b4DF4a,18141433528952466605
0xA0C2d3Ad9c5100A6a5DAa03dC6bAB01F0d54c361,18134858770924458817
0x639cec09a3aD0DEDC2951ADB00C43a43160273c3,18113677686805621541
0x136D8211f17cFE11873F467B63D91540A7f564B5,18089910187351237841
0x4682f0ccC7Bd7cd668BC319FCe8497a6b35277E3,18066021647511254805
0x896B01B16f1E83e6Be01F86Dd396315d1eE37A3E,18065534289414594971
0x7173CE51D1B494320229e06bbDbE0da258b9b547,18040245032772312628
0x9b815DD3e2D30CFEf33266fA4c6A7B37Bd99edFE,17987180546000291422
0x806388E04b7583a0148451A8ECd29A748b8fd584,17986056712412322712
0x50405E24f98c9F96870aa1730029A527b906C968,17985749630459825307
0xA6B49397ce21bb62200e914F41BF371E5940Bb41,17941877870790237762
0x401BF7e9e4D1F95305E4bE928957eC6Dcc1d72c7,17933612827070368287
0x1aD5F28a4775F8292eeDD3288fF760DD9E825D05,17916445721525460159
0xDBB056eb9C451cFE75AD06C7925562A48b65A625,17832673848791760285
0x2067BEd542762D26E2755Ce7d8776728F3429f48,17759655324950216856
0x310a3CEA42F93d55584c4361565aA0994912fF0D,17703638988192896602
0xEae03EB54eB26B38057544895E834aF42fc46A69,17637561118541110163
0x3838137A3D54aE725ED762092101d4b738759B52,17554513305167106200
0xD7925984736824B4Aecf8301c9aEE211Cd976494,17536426616662722579
0xE09a1Fbe9b673e7Aaf6Cf637051bD707C5a70442,17503149096236863334
0x90B50EE9Aeb83001fBEAF61541fc666341f36400,17460437858901771326
0x9223F2e38510AA77ded779c5F22C67F4E8315EeA,17300306086006898785
0x71D87aabB42de94a7214976a05134935F73e64aa,16591404967366188910
0x706D961Ab69d54a0FCbaa13E77842279A5724139,16244218719350580923
0xF92AaE42cb0d6635840aE3Ad825283089aC78c67,16145719795110089861
0x559160997EB3eFF9190ED62d7b4F3caFFf9408F4,16125021946158163626
0xA82618668A71Bb492d1aaf8948dE95D73eb8a243,15744582225421536199
0x98143CDFEa147B1F63638c5B9f0712283F6a39EC,15490339404494896173
0x6b30E020E9517c519C408f51C2593E12D55B55fA,15372485866813537123
0x6Fb34dC6feBaDd5cFCEc48AfdFDC44449deBec48,15222352432920192521
0x3877b93D5411bf5F5CB92D7e7650935FD0212D8a,15025387708908119849
0xCB0E63608D3C1E9e3096bD7Ed1442C4f42c04FA7,14840662593269399158
0x54411028b577177C95d0f1113A946b304cbe9D3E,14808033587026992727
0xd062aB63Bb4f7af7e59B85DeFc3C90bfA9B81E6E,14331479949951712024
0xeaC5B71a1dFea267842cCF58293D1cA7aAbA6C89,14305084994269344257
0x56446712B219fcC34a5604f5E7AF5d50d65B6647,14034940006694324147
0x1892b15CECe1471494AF00e7552693f3fAcc8eC8,14008457809172849813
0x5f024dBA3BCBbfE6DEce556dBb59C5776AEc5903,13872846402369197949
0x86b86392E693077EC58E27331db02563752440A0,13859066990069325389
0xc79C88386c95130bf7c20a184cb8281ed639faB4,13799665685064609634
0x8f009A96F45514C31EE806fBA7C4BfB842ff497E,13792157619134250432
0xf95b6448329768333BD0c3f36e26EF8BB3134940,13789846039334770896
0xF7B18e107eb36797f4cE36dE756630B9C30969ad,13653944273831247276
0x36d8fa50C255f6d42aD8BB816A7cc0b66E5f718B,13451996973026165766
0x682C4184286415344a35a0Ff6699bb8EdAbDdc17,13041023802386259848
0x856C3dcAE9D9c60475653F504663F94b1136b5F5,12797077155996844991
0x4127143a866Bf5D8AD2AFb6de8e63164B8Ad5bF6,12736043744643226280
0x9deb119927A0759D5ffd1B06276C05ad5E7d2dDE,12663098401388779754
0x1FC310f45B5B22a8e95a8F0e1FcfF9D3c825eDC6,12641650957037695842
0xf9f80337Bf4c3881fE93180A34AdF4CF32a779d8,12536948957838761264
0x4a7fD8f063A6EbA78F731f562a5a1E9fBB3313Bb,12488638145750497165
0xfba381fB57D1f1efDc12661e5bE59425E545e649,12456798867480982949
0x737a1a71a3e6beD4305Cd2f998243F795ceEdd22,12396215945909858151
0xF806f177F5d421036A58d5aAbAE36c09d7BBA8b6,12390908057898824147
0x71FBFe41A9ddEDd13Ef25a337faE01438064a08d,12218110474259750852
0x0ef25ad333a465910A0c469627523903A28e320a,12139112881273806328
0x97ca60A08b2d2c38F14AB18fCA6d77457DdA0eAe,12108751639622767087
0xbfb496ACb99299e9eCE84B3FD1B3fDd0f6CDDf49,12069739598826754082
0x37201D5f726f5bC428062Abc7F701fA386c881Ce,12064516490418478342
0x35A42D09C52800FFba30ddA4C880F94785581318,12039534840274618707
0x0085D428ac99C42b30cb38373B1C233846891C9a,11944115257261396742
0xB5fD34D19d34977fA0a0426C8058Fc32fC091e28,11898154222869578578
0x22BbE960325e39B8321C908Dd280239a1445836b,11835857243391780115
0x5BF32Cc289A675B8a28aC62b0674C44c4665F174,11770001084495014686
0x77a13bE3e954c4370aeFE93BB5634283DB5e3D87,11741705579003367963
0x1B51cCe51E2531C478daA9b68eb80D47247dCbec,11672755745090075939
0x27a86AbF8DdcB96CE1B822eb883fd03D795de462,11626998818637919177
0xc8a29e09ef16f3Fb3A24Ccbb6e6c7B621ee2669f,11599229004239852367
0x6a9b84ef6d76908C6ea6F47465F73c69557283F6,11497267757413629001
0x369c54B1E66c5B0c0f7d983F9DaE9e427b88eDD6,11491518369111474669
0xC3Ae7163a7d3a4327e4F3eB71b47f2A7f41b04d7,11482768415487269476
0x193F0Ee42a199A0CECD479a9F09BA293eB1CA357,11465646662213176572
0xe4AAc6B026C5f8acE5a7411647B4f23c76a3eE42,11461526985919374076
0x9b616Ac1D31F17Be9B23560d93699cA7732e2808,11436296527081772079
0x57ab005AC11e2A5565333ccC995Ac364AdB47216,11432289147368932051
0x96c82e924a36ae8C6B4425845cf06fD5168D3C85,11368882972912129298
0x24b8Af8c459306Cd220Ee6dcF5aa0198eD8776f0,11352456107341827739
0xbD84c4e420a22D7639ec14CeEDC39aaBdcb2094e,11349648814499281159
0xFbea0772CEF0dbe743A18b132BFBb8F9eb0Bf0AA,11329601829683192441
0xFEfCF7f02b2098829C83d5B99bBb2be464FecB86,11241398386080794830
0x8aF0A5658776B68912b22ec954a91b9C20D3F8AA,11192480610261904942
0x976FdC5DfA145E3cbc690E9fef4a408642732952,11178532823168591883
0x51e432dF264c3315Bb0D1aA70D265cDF0792c679,11167876058067872848
0xcE005CB1994c59bE3acCc909c6Dd2237119D399d,11073023948547161049
0xD4dfe5747c5666dD73E21cC3BB885977418C2DB3,11044647260198957772
0x18b5BE29483b436b991A974098DA1832332B21D7,10998909094729130977
0x7E1fc55d416676998043B4b766968fB0Ec8c7550,10968712786740320980
0x251E409A0433680f85E49CD0ABC1CD40BD829012,10894502821550392148
0x284efD2654da9e4a346Fc5cc5a2801FfFbdCb82e,10864461394094736915
0x0F3d8cf628F2bbe6e7CAFe6890FC6CD5Ba7e8DF1,10755060404616596239
0x40b8e8f1797208Bd70D98E77E40EF9718d9A2Cd3,10732610126541886183
0xcB744534a44083acd8C3B0b0B2D6E06fAA50b9aA,10613544358270069575
0x2Ef2327f70595149939bceB0fBCd76568DfB7d7A,10575329639132852848
0xfC9f6BB19C91D6490D8D73F2353d395Fa0892736,10550903856697148535
0xB3a7303de6061B89Ad470569A6d67048F528aA30,10531587636422574968
0x1A59e9C02ec869065e301CfCC0cE7835e94eC07f,10517159974198116006
0x1C1e747A6BE850549E9655addf59FD9e7cC2D4dC,10478368349432244305
0x1eFe03B911d97Cf5D86Da4a70500eA9F6E8bcFCb,10467836326429257427
0x0f5b2479d1ac2E1B051874b3004A8509C0A97D67,10460019140827744446
0x1c800f732Abc64FcE90eE9304E4fa3A0daE6A225,10446798969232090468
0xEE57D8989170370a6f88B2f99395b81204117bf2,10401202466152228261
0x324Fbd9536bf3d77d36137310fd4abe5130DfEA9,10383317791831991100
0x7bb516118C942c71b27277a009a84EF2d749d629,10366018243776847856
0xBfD7F0DB71253edaa59743163D3eECfa27a01A6e,10363286668694250141
0x2a94d3bF4c6EbA2A00C6b2726Ae0EdB7d8f25b3C,10311494501535587830
0xe28D37E094AC43Fc264bAb5263b3694b985B39df,10287377558143017749
0xEa04a9Fe2CEf51B504e7da8cf1b859454AE27030,10255813584150541004
0xE1f02F7E90ea5F21D0AC6F12c659C3484c143B03,10254726958746823828
0xc58Fc00860796FAde2EAB9E5b761F4855374cD39,10254356490240933502
0xfB953D5c69bB04461b74e13655072eaE8fB384Da,10248830035043310048
0xaE56f76F5dC8325242DcE61cC24488fe740f4832,10242609886165611350
0x3b7f10e271FE749E7f437e15CA37BecC3d36D88b,10235864304898145566
0x6B3b856e974c61D141521725a73a58b916FBA49a,10215291005838421248
0xaF884fc78e7446e3e11e8E4C7d4e2085B8aAF956,10197572551379294331
0xa31066B50399387BA8c23704fcCf0992eaF7254d,10186557123423854243
0x42D29E6fFfEf7D2df66bA652242Eeff2B01822B1,10186367380193021924
0xb84ba5A323D8B4fEd25b14D3C80A8c263dA6D8c5,10171438832155425925
0x71535AAe1B6C0c51Db317B54d5eEe72d1ab843c1,10169525023695916597
0x10d0739E251F5c212312d023c9fCfE0fDcAfcA23,10164837586333341646
0xCB2A9c2CE7e3d060700d72Cfe5E6d2BB9959f2f4,10164441883877609739
0x2492A8400813764952c89a88232F1221858D9C10,10153846720967735722
0xab58779cec2B82A75Ffd103fDc88D7e3aDb13468,10115650176171560293
0x41c66454192d0d6A923847987f8F80AcB7c6C466,10112673781478162773
0xa586Cbf75fB4b8987bAb7d24BE4545fcaa0e757C,10092490936610485353
0x0A656Fa14f63cE9DE5d4E2e8c03c2f00918BC1e2,10090179245719897997
0xC9C1bD8E37e7cFf20aa8Df2a1D1bEFf02721E771,10084858226632884831
0x5B70385e4586ac15464db0071d373A1dbEC1860B,10082938951151568409
0xFF16d64179A02D6a56a1183A28f1D6293646E2dd,10082169927821597780
0xb20aab4cd244CF2645Df2cdfBcD98bA7E2395927,10026966365551929074
0x35599c9372dF40d7Ee0667488566B39D35F6527c,9987020893898660796
0xB3F59106c5c5e93926145115D75d7837b5701a91,9922599902430190598
0x71226c538679eD4A72E803b3E2C93aD7403DA094,9916192885435580433
0xb5f21bcb706d2282220d95eA47379365CE4777f1,9912555684561693465
0x55DdB502ae181921168D465b89D905242267F229,9907913012008731810
0x2A7051d7CBbEF7B6889f8e14774020b1653b94C1,9890959591149209871
0x4D0181De32eC2B680134fE0FD1f22FEAC58346Cf,9888491754284267957
0xf56036f6a5D9b9991c209DcbC9C40b2C1cD46540,9874372401817494864
0xF6A02d791BF33f11d72767Dd75764837f019bc01,9870162204692532649
0x91199826Dbc27ae3033357D91b6fd3B7eb4d2149,9860798785463463905
0x4D26f0e78C154f8FDA7AcF6646246Fa135507017,9813737583303604568
0xcAc59F91E4536Bc0E79aB816a5cD54e89f10433C,9778991041538964918
0x0f26eE29803059899C0e112E4bD43291574dbc49,9766978510221334773
0x3aF1f5E855b50D4B2D02FFa657D503349C2a0903,9756645879540884631
0x88771cf6263924F6D76C06A693be0182E2460115,9738098460948239230
0x2F7949779e18c18298C2F253E34F9355403a5c4E,9729149956731308601
0xeB6772188Cf10Aa563a1cD163F48355d1a949797,9716201115543543863
0x675d3091161CbeB8F4630dE172DdDACA2fc92d18,9687487364094832040
0x951f5E167f6171aAAA3F88cF62e4B25000336D76,9685815826648601623
0xAB12253171A0d73df64B115cD43Fe0A32Feb9dAA,9680618269538439581
0xdAb4cc54a8BeA0cd7833c9a453E7F4C996b3D100,9667905283515790553
0x746164eEF43f58F11f6e86f6E4B08F3D3d4d2721,9635304626262345805
0xb1A4A52bf296Bb2f0Ca995f6b898B88d4c4EB4E3,9624554006562528847
0x7EB6EE569d4E58Fa167aBD2CbFADB3EEd9695906,9617006234653798303
0x0376423E93006e4D802bc9C42e1356AcaeDeb2c2,9607487162255481587
0xb3eB17a451D32BACf7F5a8A6EE98034Df45Bd599,9598713543148026028
0xB7BaBe35CE543e2Cf2F615CB1c792a2025feb572,9585531881996362422
0x849ec3304D494fc536Aa82f59e18E7b3CaA6A5C0,9584498822859303976
0x865FC5C542280C9Dba0D559f67112179e20574D2,9578932199366982095
0x0818F6E98A6b62E02A6A258458Dfb579FD2387C6,9574654154927673387
0x4c5f4f9dF7968B0DB448526162114a04F3462bad,9567919259068128857
0x813FFbF5C311cC7750cff0e241dBBE0dc01D3C51,9567536019041175373
0x24fC7A0751BBF53C239cC1D21d2951A5b21f733d,9552273921208663367
0x00929C5c2c4f00B540e429247669Eb6fcd8b1DBF,9526949604302991339
0x4840B7A57ba67d6dCb8B4278aA605Bfb33540C8F,9522022208270538953
0xB0331b22161cA290A15f825A29C008dCB5e1ff68,9517597325630059957
0xBcA143600d9718f30022B2463D597996Bc410E5e,9515328049425533393
0x3903fa6c5D09B18AccbdC43dfc604D7e68bbE45F,9492311561557359109
0x1AE74F5f0d55d82ab60B381cacec1445eAa1B26a,9485114341780604137
0x01492F2eBF270241aF459059049e453d37Ba08d0,9474637755171442957
0x547B36b9710B5fDbcd89aBf983c2B944bfc6C073,9466366728656162590
0x502b69542619449a77A981521aA930fe5aF654bA,9454375892761052523
0xE551388B683BB1E34e27E5a7b00eaBE79b080Bf7,9446138445714306142
0xF5a701D13Be654a534D14DE8Cd6a328293712405,9443020512457114988
0x0161d1Cc10116bb2a073A0c293d5E4F1a97A00b6,9420587521410207594
0x969031086507C84207f41ffd37566F3902713188,9416328990544323864
0x080fB3827eBcF8e6D87D74446e6518ec7590Ea61,9410234629829652538
0xF2829fC923b6fD040Ead55d3F973F2953e86D13e,9405412886132036496
0x839375339b030c4a8a2f8bCEdD85C308d898307A,9394720468504982759
0xDb9918673D782a8116f583937f2f4A32352F11A2,9388254298646134710
0x85447824d5dc10B9fb75928f8104890Eb54E7Ce1,9365327243115815775
0x57a47e074EEC8cD343b6Ae08F2Fb2f27E997f808,9354915600151665696
0x6Fd5a849cc4BB26fdE7737395E3b4A91F3B78A5a,9347357952668257437
0x91544E0d0ee6361152f06891b52E778B3614d253,9338661236235407440
0x52F8B09FAc8E1B7D7dC45643CA27d0f573814AB8,9323096586446065510
0xF373b1109C1570135AD9F17519416d1D334360c6,9320157184056248369
0xD1A0B66835D830e9ada42eEf436f3AA8005b20B5,9314718918927593524
0xc3b34e05E1425a012a2617F3808c093F4C6c25ff,9312483937234477031
0xB811934C23db295e00683eB602679199e232210f,9308356616539537099
0xF420B8148D70d86FfD945c61ee0c0d0678bdF08E,9291786161904181641
0x58D7dadc00d3fb8e752BF599f7E7Cdb059C2E4Eb,9290769573855533299
0x130FFD7485A0459fB34B9adbeCf1a6dDa4A497d5,9285381247413519074
0x1e133277eb9f7A576b051877B0A493e9E42845C1,9279581685100231285
0x27Da09392eb0a29511daB80F37f794FB7A103b3b,9274028208400395145
0xA03218F18B26E124d1D0BeB0B0f8Dd12b25bE47e,9267063914005963634
0x17ac83Fa732eAcb07D57C4767eb3aed2928c558C,9259896291940343170
0xE4710cE7CC0D87873244673445A0CB49C9DCad81,9259244385108541249
0x23afB18d45bAaBBD688C2D71f8Df83AfaA3c943f,9251809681890441863
0xB9CcEA572a82D096F0100f46729AEA77Bd63c454,9245652010402087077
0x1c175ce4f8f3E8a16dF7165F15057a82a88C025c,9234506359276311815
0x45A005BeC6Ca9f438c6556dc11051744abF9af24,9224297839658384076
0x05a8E484162233e7148C5674b9A1709856A58f57,9196232819922586748
0xF26E5B93453a69a0297Dc66e7bbD750d2B28160B,9179332282453355829
0x2a9D299ea0195CdAE7b2914eD3625Be8ea5a3850,9176456033599480867
0x016e6b9bE7f5Db5d4D7399A2B41c6d010B8FC43d,9171761300849234541
0x9deBADcAAE4820092c8Ff7DC741C9ec7D9E95027,9151106351926562370
0xb89C8913d02Ae2aFdC901591431aD49c5469cb2b,9142172040912316688
0xdE3B73d3c176bF6E4BCFa26b73533811d3086F74,9138446955747557100
0xad1e365152589d3501340Af5c004bfa1EF0d724a,9138082484090424721
0x5C2C3764A4Ba0a4ea4B81532aa48e3A72AD0655B,9137235913152521013
0xf0FC06374822cE8aD616B071D38e9f20BF481436,9131138219625083209
0x87aF71ffA2051DC58BbC2da8FDACBC036b701788,9128197544579397534
0x698BB6299824a053A9Fa1e677d48ca44DaA0a0c8,9125495603229410853
0xEceE5497b9dbB82E1804E3224F67D00d8d891c69,9110432859032017850
0xc47c4c896Afe31e0c37ecDb54df7836313b6504c,9102130273311333548
0xE70113f891ab6167769E76ec20926EEbE3BFa91b,9095042252309124901
0x4a64B2820a06A67EE878157a7f48611463D6bD78,9078224067391259758
0x9a4773EeEE73e34e1EE0E9A64E4b7453b0b04246,9073187433430997161
0x73bCA04BEB6a5A56969Df1a1E7C4B6209852CD87,9071330018129933332
0x3bDb6119802EF01EAb4E2A74BEDB5e0227BeD49A,9066038017906117881
0xc7549f3A48bB48c17905Df38749072e2775DbC39,9062321491882818229
0xBA1b35Eb69052aEF4CE95abC0c38e0Ff67410aEf,9047482332730034426
0xE2974AC15aAB159Db17738B06e1bE0d7dF72e74e,9038999187033547673
0xf8819dA929Dd8415a46D614F3a75987a1D76e3dc,9035414924853370769
0x9ef44C6f60eAe666407F5638C24572AB22dA2862,9034889522408175473
0x8f804dEc80028Cb5BBC5537762b27629A4Ab6C94,9034646286043413967
0x44CF4354804d057AC331A6a50213Dbb25327C472,9026399883168575281
0xe1C83D448788af03049c7239da79007536F8AFfD,9022593091352833287
0x2c68e09d3a87626d61Cd9ed647d08d1DEA280338,9019823290533869425
0xBC1DdF1f4E7a2B5B8C9A46C627539d896560b045,9016789043734777251
0x1EC17bef984Cc355893edb616fBDbd354E25Cd4F,9010704509025557183
0x800C016B1923653A13B6094F9C8953FdB1cf1eFB,9007327791849904222
0x8e5e01DCa1706F9Df683c53a6Fc9D4bb8D237153,8994222716619365237
0x0f8361eF329B43fA48aC66A7cD8F619C517274f1,8990256122450326614
0xa61301A5199671aB6C5d2E21c718fdDBDAB778E3,8982699181119459400
0x550c7c5f4A4144D6be5b0Bde5D582e2139E55D6a,8977499113662116361
0x9bF2d4C8e30e4288eEdE1E781fa91e443FeF2350,8975708365670907038
0x93B49B77389B47bF1c63a65EFd0f7FA73F02CC50,8975637424933099992
0xf67459089F8D42a67b703443F75B9cD700657322,8974920096202192018
0x98e7D41CB1822Fc5e86F41C0290561cfFCF87e99,8974109082835662474
0x14eDaBfaDb2751A8b62CaA69bcBbD270b38d754c,8966064690174382319
0x003d071581978D3AEA28faf82947dB95fbbA285b,8962792233597697835
0x84dCA334357Dd9f163C628f6d39a8FeE2b46E07d,8960369025211672571
0x9FCfE63108f0957aAD1C6F2eD30270e8D35C6491,8951612103026514164
0xFeC1083c50C374A0F691192b137f0db6077DAbBb,8950473326334549742
0x09a60649F4d29Abf919dc130E7D517352f988087,8942307811926993353
0xf4f5Ff88733aCe4C7155577436956810BE216673,8938296686975973539
0x02062B8727CDde62Cd784382C60D738FCDBB736d,8938296686975973539
0x410e08B3e64aAc18AE18F2c5066D26e848AC8B9C,8938296686975973539
0x7f9C8843926De4b2eA6cBf9381F9f2FA81C58ed6,8938296686975973539
0x1b90B46F9Bd6BDcF0adDc4D0601dFAD832FDB1bD,8938296686975973539
0x60D25D3428BFF3A3435191BE88F2EE923dBe1751,8938296686975973539
0x63dd696cd80d9473299F79373bFFEB6a6F40f55D,8938296686975973539
0xe9a93302f4A5195F8d5c0fd7de853F39c07e5279,8938296686975973539
0x268Cb4c8B97DA9d146702D84501A64F597A3aa14,8938296686975973539
0xA00c99F5f955552742F1089deD88ABDC74E67Bac,8938296686975973539
0x74F8744020f5900a2C3A3289C6c2182F56A6901f,8938296686975973539
0x64Af258F8522Bb9dD2c2B648B9CBBCDbe986B0BF,8938296686975973539
0x4D3A307aEc8eEEA1ac093B1b2F4Dca8E23A064ca,8938296686975972995
0x216C2E658cDa2927221F98E58c3ffCE0DB59a5a4,8938296686975972995
0x4BC4F291785Abbe1f0C9623E6923dA38a19D0eE5,8938296686975972995
0xF3763BCE80882FDa88e2d00ED510558B12022c76,8938296686975972995
0x4BC6247c86829940132C498876E48B7963dA7948,8938296686975972995
0xf9De4534a1dD0f684A592f6981Bca05919F38aFa,8938296686975972995
0x028B17cDE6F6eaD37746D40159B0BF94726F48a7,8938296686975972995
0xd8F7aC25F6D112800889629537D1cDa020e3D6a3,8938296686975972995
0x29956d06a628bfAcf290666702fe0722794A4FF3,8938296686975972995
0x1d8803F4E3D11931e940102d8484e9162Bb98cA4,8938296686975972995
0x79A35B3D199a04E23AAa89e0ECbE004c0aA1F166,8938296686975972995
0x2c123fc5C27888571CD525e8ae9b0c5ff848386D,8938296686975972995
0x62B9204790a878b81b3cC42D0a44D4f7D3Fe936e,8938296686975972995
0xAeA1Ef03e1f797dfd8dC501B92a0C839B037773e,8938296686975972995
0xA4799EAa36037cD05A619fd65009944a4F5863Be,8938296686975972995
0xe05bb415841720a974B571e3E5Eb187572F3C0Fd,8938296686975972995
0x76a6C92F42Ed7e280E5d521F1DEC08646ef4C3a7,8938296686975972995
0xdeA6deD800FDFe40be9b57485365038b5B9f1e0D,8938296686975972995
0x7Fde7D6D28e82951D86973A702Ca9c928561B94e,8938296686975972995
0xE68a8A25a2DCFB3D4D8c252785583F149a66a2d7,8938296686975972995
0x5750EcE27b00E7852875ca47F997B127d34B0fFD,8938296686975972995
0xcDf993f06E1954710D9f3dD9e2e10562B8fabaD5,8938296686975972995
0x50CFaFe88E9eD62F9754113578b0fd50CdEcC2aE,8938296686975972995
0x7654a5cDaCAC79e27A1a901c85f6b2B5eEE83b2D,8938296686975972995
0xaD1F24707eB11B13331210D330D5d3761d888474,8938296686975972995
0x52Fd99FA5c5b8A0E8D93C64B52302c32E1b375D0,8938296686975972995
0xbd63d4E50D9C13d46Baf0751c2da217A762046e6,8938296686975972995
0x5BA6bf22E445b0d53F539229469Fe2beF4fbAe1a,8938296686975972995
0x20953E94DddFDfD030f5010067025fcB56562f1f,8938296686975972995
0x32A03930959fcdA08e3B6820AF57AC3cEa219597,8938296686975972995
0xc94d14FDA0B1C75Ebb892aB76564F17aA4E85CB0,8938296686975972995
0xc27936206C09aebeE74Ded65839c26843B28863C,8938296686975972995
0xF731F4C74eaE61dFa88e0b6A13f9d2624bF2B16F,8938296686975972995
0x285bE47bEE9f9e4d9A16d9707c868EED10667020,8938296686975972995
0xA54F81733201C1F555bf5e51E4829a1c7DD3447B,8938296686975972995
0xaD14E12a3D519Abd62f23a4797E89f51D126D0F5,8938296686975972995
0x6133922e1283fA2C1c8A1BcbcdE5c9f0EBd00C3c,8938296686975972995
0x32c16C318804F3E16B644ec0BAD20b230E131928,8938296686975972995
0x051f77131b0ea6d149608021E06c7206317782CC,8938296686975972995
0xcc8aB9F94BBa4E7E5A3777aA7AdceCE110297A57,8938296686975972995
0xa23CB68780be74b254a5f7210Ec6cF1c76289953,8938296686975972995
0xD77C6bb30CeE69C435948709838Eb99D60b33bf2,8938296686975972995
0x513D9f94272C36121adf4BeCe7ee8685e74305Fa,8938296686975972995
0xc6516E190b29605154cf0D83A4C8A7F954Ff29B5,8938296686975972995
0xe51b3d74B9e8203B5e817e691a5D0d7F00898FBd,8938296686975972995
0x0ECE7c1BfC9543B2cbeA8F5577d02E5f59a9f176,8938296686975972995
0x0BD1454fa01dD11bF6646BF8bc17a3E48Fda3734,8938296686975972995
0x4Bf1fBC233Cd6109c35a4cd9D34540173Af3234c,8938296686975972995
0x0053B5dAa6D4c2E3D16f2b9c10dc04E92B14A818,8938296686975972995
0xbae3BAD311A211DBc19C14a5D2995a9a4741abc7,8938296686975972995
0x350f2383aEe8C607dF7bC10B94fd064d1Bfb3904,8938296686975972995
0x63eAf0c0544c99d9DBDF550659Ef32d3664Aa567,8938296686975972995
0xf69EA6646cf682262E84cd7c67133eac59cef07b,8938296686975972995
0x7904aDB48351aF7b835Cb061316795d5226b7f1a,8938296686975972995
0xD27E35954F92aD7C9D31977c9EFda034cE7Bd057,8938296686975972995
0xeAd311e5c31683B1C483c91F2f855495Ac77b227,8938296686975972995
0x89b76bddA22a59014E7C67A612ca80DAD957e13d,8938296686975972995
0xb7d49ADB031d6DBDF3E8e28F21C6Dd3b6f231cD5,8938296686975972995
0xD1818A80DAc94Fa1dB124B9B1A1BB71Dc20f228d,8938296686975972995
0xA1758d337343856036858aC32216d7c72be580Cc,8938296686975972995
0x683a42E5B414Ae5cF79ece7e369cA5937fdcDC11,8938296686975972995
0xCCE56EdD5e4594AadE98E84d3FE6a64e13a6D073,8938296686975972995
0xa5cb0648383B871de9D8c8a2F31BB985Ec160187,8938296686975972995
0x44cCd9d41ba1c4Ef27D689520De643373A866973,8938296686975972995
0x9160aB7Ee16E69AabF910c41c46Bb798c8f9546F,8938296686975972995
0xED29C7093613899CA50D213bec1f2E94DA9163bF,8938296686975972995
0xbDfA4f4492dD7b7Cf211209C4791AF8d52BF5c50,8938296686975972995
0xdCA51787f58C18fB8f613a27b84b108324ac4C52,8938296686975972995
0xf2d398Ae836e9CC9B6d17B79def0626E5bCAbacd,8938296686975972995
0x5E2e21512655d4eDfe8c72A274F8aF347F1026CD,8938296686975972995
0x37f681A99945d513ee27146D47a256231E2af4C6,8938296686975972995
0x9A1AF2b6978c2E819DeaeaDf8f7f5F2527272B51,8938296686975972995
0xE596B99Eece300F0BA4b0311Dc57337661aD4B68,8938296686975972995
0xaE3AaFB17D3A8803964A86aF5833E880b050C00e,8938296686975972995
0xD962a9cF49710197FF8b02cec45AD80bA80c05c4,8938296686975972995
0xcE8C42230891064f0Dfeef720fE2e60e6BC37a1A,8938296686975972995
0x22510fe99F63aE03BA792c21A29Ec10Fd87cae08,8938296686975972995
0xdE7670354fE2110fbF3A2ca269096647fc955924,8938296686975972995
0x444c996b74631763cE0c406Fcbe9Aa13D35f395E,8938296686975972995
0x96107E5B992475D3862e7FaA5450d4dbF36E82Dc,8938296686975972995
0xBb00900B914C71D7CC0d6c8865359499B9d0b3B6,8938296686975972995
0xb7626141EF37F183A7A61Dce76304c8b074c0988,8938296686975972995
0x85257f61Bcf59f7498007D8e08D6eFb7AC1EEf4c,8938296686975972995
0xFec310A0523c78CCb0681e5B88cE2DE3dfaBf12F,8938296686975972995
0x5f6486f13d2FaF529eEB12016059078CdA4Bc90B,8938296686975972995
0xa03D1648Be58e6957C81C1C201236E189b6eE6AF,8938296686975972995
0x46A968F38F2Ef98Eb51cC8c8a2C641Fd47042964,8938296686975972995
0x2F9677016cB1e92e8F8a999c4541650C80C8637A,8938296686975972995
0x752cdfDFfAeebe73BB1388F69f94553adE64C988,8938296686975972995
0xB7f9f538aA1b41aE2853eB63f1939187fFE70EB4,8938296686975972995
0xFD0101D908bF7e4a03168B6e90AA7F1e70606225,8938296686975972995
0x0cF603c60A2C058857210cBC539F19e48779B7Fe,8938296686975972995
0xd30391E21741C54c32987bCfcA3D880E6D261Cb0,8938296686975972995
0xb7D865c7c63d758Db991B191E9c80c3867b34b8E,8938296686975972995
0xc6e859B400daa289541c955Dc3d4EF70a08aef68,8938296686975972995
0x4D89D373A7Ec36cEC559d81c3820FB22c460053f,8938296686975972995
0xFE7E6564a8B820E2e7363c5460EdEC4CC7743FAa,8938296686975972995
0x37FfBBeE75B446b2854EfFF46736642bE7a70A95,8938296686975972995
0xd692a8b22ADEE210234a7fb00510E300411a8B93,8938296686975972995
0x2C23F12195077BEe4AC4F7d598af30904a5fbF91,8938296686975972995
0x01c56622fd14Ad3CB9EbFC543f64f2755F1b6e67,8936415028618591764
0x15B3392708755a9F7AAC3b33b401d7efA3D52f38,8932766148427213107
0x4Abe3b86162023c8D5E57B9494525c3eBF06B1d3,8932327982617548070
0x4a4AbC2439620b311e6E044Aa22841126ceb9CF3,8931620119050039208
0x1c8915F70850873a03Df2D6cdBA71B226BcDFEb3,8927692465548053730
0x37661a67CfF2908e10C255a9cE909dF587D15460,8918297074201313362
0x6a61857928149cb7cd2ad29251902787BCf9C3b0,8913286138893757593
0x8a30Fd92823D5ACF7C74d8c6fC54143934caD3d6,8913188341320888765
0x2C985e5d1430bd19AB6e10096eCE1CcB51C75554,8911912877499796121
0x493374100e511b1b091FA5BACe1929DC154FeE80,8907703032724082700
0x92f83cA56A1Ad5425e07463089a29a00e1C7bAA7,8902674449528071957
0x8BcE41514F7Cb468ed7ba3551724aaf53952cC81,8902674449528071957
0xAf1763b71c18e957081d550BC9542Be7143a0023,8902674449528071957
0xAD14F8641312EEf4D11389e360468928Bb7A90C9,8902674449528071957
0x27CeF68437CB19a87ecE341985691EC8e1EE0937,8901506390964897756
0x46BA0aF6bC60E6fABD9957744c057D031c720ACe,8897054836106912100
0x98aF8e0836DC09e00cAdE8e1bFFfA8fDe7b32B36,8896387695714599413
0x8F824380bdf496f539D8306500f87A2cBA38f828,8894107827071067900
0xA785581e242Bce7Fa721790de29F45A8C7F7c968,8891629982024005020
0xc6c654Cbe8ed820C8CF270C5De479647b15C917E,8889683527492989509
0x6da35093D7661418Dc24606B5d3478cd1e64124d,8889211308510356780
0x16B81c3f0782595e1cb82e7431E35E4fb82B535D,8889117109243300328
0x170B2B14EbF9D10FE8d4EBaa160fAeb59e39b5d5,8888268211859454045
0xD4fc1974bFB6721785cA25828711d76A0Fc2Fea3,8883433689009723601
0x3cB95Dd14Fd3bDA6690643f5Dec9C5bC0f112fB1,8878515839552825103
0x0067eEC7AD35e72613d760E917890D1B7E876e4E,8876746375385415518
0x564E67F219d0aA971f76DA43bd96043740244b51,8875748866653363614
0x76918841298C0EecF0Fe9409CDAD3000320666ED,8872686691938136170
0x2f7b5b606C449F0D40340dF9e917d14Cf0f05B1F,8861919213609057359
0x9633d229b711dCbf06cDd8739238765e0F3135B0,8859530821019993180
0x9296440084a546744a840B46B17E584e48C988E7,8857639443410314316
0x54B2bC420f9d59A4a4Eda1c5121D6FA43Ad80193,8851622673992740750
0x586634c272DFA3894Ee9B99836541DeE35660F34,8848633009925034323
0x3eFEc9925973AFe87CBFE219DFE31fbBA4266369,8842041224859055825
0xF1A0c1723b4791638382F479C16222De4201f9c2,8831559376697502629
0xb2993F007d2aBaECBb7C3529d78c5de0f1214888,8828120740767065444
0x760356f1C763BED9C8DE0f2e4a621424c38f27f1,8827226851261399054
0x171D6eF55701f1918E44b2dCa3F7309f344B5Bb1,8826048649744526655
0x411871A0894D201Ad87EF4F0eb970249D38DdB2B,8821821048606903533
0x17335ACa967138083B04dC70cEF828C83f5B6160,8817014674312881818
0x5Ea073C5F546E0012F8840224266718404E48eE5,8814300553377169323
0xbBEDAfd5F399Be88DAC7222cE1caa9dd7cFD7481,8814111197139446604
0x29F38498071b772a99bAb18C7ea4125387Ed2332,8807811141103240470
0x3110Ce980ADE1e178263C2Af19e9ae2787A34D9E,8806716662652225634
0xa16DE11bAE5223eE3CD9Cfe4AcDB86F7F91cE04C,8802316296714200518
0xaadb7CC8587cA5aE3e5c98B9e78F6024953C0Bd0,8801385721680212178
0xea96EDdF997B45E22dd7cdB0EE45744f53e33693,8799834115556664914
0xdceb0Bb3311342e3ce9e49f57aFfCE9dEac40bA1,8796813188113561749
0x0419395ef65947B74aD9cCd1A9753251e72E411B,8796055593845101083
0xc044D6b11Fc9bf5Ad5a190F87912855E24970184,8794955706551787067
0x49a5492FDFe5AcC966dD5f41310dfDfe8dAA349C,8794593594753550615
0x7A60e93Df6Ed28C63D5E9283BD91b3C1dC3e613B,8791520299496622379
0x2C678004AF4c1e217d9ED8Baabd4454406CeB63D,8789981962408414612
0x64e3D65F73C03D892B53dba4980AC84d621aF9a3,8788766595776334727
0x7E8D8f5a721770aD17D4d2765c244f7f93b65De8,8781364164465305845
0xc75f1Ad2EAef79b729c8dD8bCBAeddd893F5a761,8780442477603856478
0xc4A639cba07bfBf4C0a2EEF7fb441895Af7BC807,8778955555088280288
0x4Cb2b7C5aA7af4176cc59584dea6246abfB1733a,8778780036614360966
0x12579783fBe8C2645D7a634B238DA748405975A2,8777225663793187528
0x54f396c5dE70027754B48fEbd0afCcB1C854A5Cc,8776939206187139240
0xae9402b1FB5736b05Dd8bC98cE4Ff608BDe3c564,8776401568534679134
0xCD3c160013d2d156334671c8aEF5e13BABc89b5C,8774729371728727851
0x30EFDa616DbD3Dd0893bbea28BF3fE451BdC9ab7,8772686592370642417
0x17f44A8749358AD30A84087EF9C92bDd2E28d9E0,8767865396699150568
0x529656620D914443405A55ec42Ad0eAEaF0b4A2c,8767507286380701762
0x8fFA75EbE5A9C7D158B500941201886f899429Cf,8766253049767410685
0x21cf6dA2126E87192a5a3DaecDed90c1c296b227,8755587676966846899
0xbE4896c3acB7FC415E2e69108333ED431Eb38993,8753679149501912749
0x65b2689f54618359ecf7455D14fafbFCc180a47A,8748260331247498175
0x037a2f008D12A4F2815a7C69a783894E3B523C43,8746230437135614983
0xE62A7e6397A8ba6b414AFFc1dE0237C20C7f6f83,8744315864520108995
0x03C8060E6e38097EA6ABB22242F7E2280485c438,8741995523761027595
0xa5B7b4eb029295159D9b3df038B343a2169032d3,8740923584224471834
0xBFe2867dF4e99E4028afA19075F295f325563cb3,8740287474305196328
0xda0691163e9BEAE3745f6584c5ab5fEF3D1276eB,8736553419197248455
0x9d3F4EEB533B8e3C8f50dbbD2E351D1BF2987908,8736103916901569720
0xCB1919E276e0647d64f8eD38e1A0C0DC0cF4F679,8734189391499104040
0xA198E245BF6929C1a1899E36BF957417143D4f7f,8732763392000211952
0x1B9c8397544Ac5175598137B4BD4A7990c5581F3,8732031472209367258
0x2814c361BF1289cEf2958dB2fd9dE154f37a8963,8729076123760054757
0x3CC4d5E7D3f4aE8CDB34d1a011b07b00309B556F,8721543817736437128
0x915C4580dFFD112db25a6cf06c76cDd9009637b7,8720528228615565042
0x96d2dF0Bd28DF0ffafbCe7065E03638b4CF7648B,8714214746277160579
0x176B8c8DD7657A011fcAc694364e69cF011980e9,8714085783454960175
0xe34dc471b6921A1d8afE9b6ACC02432574FF7A24,8712334405235992859
0xe08753f2CaF86CFA29CE24B1cA765F6f3A25a68D,8703169227274779902
0x4A51182454F744c4341Ad9D766DC2d1344Bb1843,8699896565226159501
0xe0E75A9b83AC7e0b7D78aD10551Bf8a1FbCA733C,8695094761180248752
0xf4b71a21A9c7f174C35851E3E1da925490966D0e,8694908074177527262
0xCF9832e039C1920a17EE4ab34A23d3593d11a7ca,8691812092092753874
0x5164cF3b0C8C0FDfE4BCc9Cf4F1e8f7E39461A59,8691426263492719608
0xa904a0F8b4F0292785AD610dae1084a916142a77,8691386492774145605
0x5f338DD3c5ba4e5368A6139B81e1c120ccb2567d,8689436738162130185
0x53F1dc04587aF2f5f36E0D4B49c9Ab547804C479,8688642790515273480
0x409C6c5Ec5C479673f4c09fb80d0F182Fcff643e,8686731936255393477
0x38dAEa6f17E4308b0Da9647dB9ca6D84a3A7E195,8685639834716916130
0x36fB3C8D2174285888A97C6F398a8bA91673eee4,8684306744671345717
0xD82a92991dF76F59fd0C3c1De786f03d8a01e7Fc,8684195353719382596
0x435b7D470767Cb121F37dD296B2AC7913fDF5427,8684012640530123827
0xECD02810Db92Ff027ea1b0850d46BdA963676D74,8683224854984401418
0x0B41fB0a71C9473A7e08a90078b4e981b3e41d5a,8677245575715739749
0x3D59523704B91b97c950392b2D707176057d0Ec3,8672845542934135849
0xd51a2a768157E73f58c0ebe8f98c9619b4962E5f,8667527899081634771
0x6fb737D1Ebb73cda6CFA36Fd16D9273065D1b084,8665561528101063367
0x2c640AC98E293Daa246F98D2828E328A06FA6936,8662742434819171845
0xc8E2806A97413b5496A1ba6050b517CC98D0EfCA,8662532399560752250
0x145211aC1665a4350c4BBdA58E0f7f431627A85C,8658603510744933162
0x453e692bEa81E32CAa6AE385CeCF8c9cb85d443e,8658444189603691776
0x05F4f690F1450daaE8892f76a8653004773E545c,8656234831779206481
0xfd90ad81Ad93D9af1008A513d964f6fBc589034D,8652807830292245453
0x9c57027B1eca93093a6F446422C59C85A5A3Fa52,8651617800648713473
0xAd5d0DFc2d66947Dd5f565c3b4fDBD8518cEE6DF,8651063077478461794
0xc5cf8D4bef8C4897BB596c8e2a671767AD691964,8649826805765987759
0xaC9c065B1A84A486628fd20efc9426E435bA7Cc2,8648568735379464898
0x50017fC607DA965b6dd12f61C8a6560dFe2Df927,8647915020738541153
0x8591656bb9f1E1e66806A465572BdD1982C25761,8647817072489522274
0x90AA5c7a67081409d0b826faCD34600463778a48,8647303826366240299
0xffBb1cD787A1D75e80B89A44F75dB59CBe34f799,8646453996188257813
0xC6aAB58d2579Ffc0Da4EB671a9596F8786B52fE7,8644061247520803984
0x805c834F8C6dBEa43c7D21F525a636962775c90c,8639231338309144112
0xff5144b6D2aAa53eAdE50C308c23D5C2151582D2,8634705222649843471
0xB4e385afba84411e87611Dbe8D6a1De4A49c61CF,8633922153558152713
0x5d6F3d0c92D0564151357B0863E55e9ed4631b8d,8631635913083523157
0xDc8c1959C74ab2cb3819ADD153E62739d12be550,8631504975789470194
0xF9f2Abcc9df889794b60f0791A784F5a97d32920,8629496572536754798
0x376aC340CD8f91899a9d93737C191C644f2A42a9,8628863232357335127
0x7f5Fe0Cf45aD50b4E80Fe66a87f692B7c006bc3e,8628845484341154962
0x510A4cBd16B65ddc32E3392B246Eb19005332a80,8628841347893001470
0xCabb32bc7832fC5bD51dA6E4DeF3933Ec0b0a1A1,8626869665049770444
0x19319B30be769289e818F8DB238a95FE07a14BC3,8626461796970376063
0x9881565CD25dAc0174f3F5706842D7041999BF08,8626207222544887972
0xd04bf9c1efA966918D7Cb6c407692Dbf8E069866,8620645794958814493
0xc53012a0f8e4D9df4478d9a5386291617A191A43,8617250128438031200
0xdc6B04B4e40fDe7c0e9ee1171F913FebDbB4b88B,8616149466108822046
0x8450A7852495DaFe063C3E436d0750698777965C,8616112770921282130
0x4F266f295BaD85436ECeA51E0Ae2afe82B11553B,8615669929072347210
0x0339339653c106786180838dC0C0AB6fFC0Cc465,8612906893379129731
0xf3fEfb661a19Dc87E7E6a6B012efafF12fbE1E41,8611854323734877920
0x2eD88964f096C4311e6F47164821aDe7d3B1C7A4,8611230435572959260
0x91d2Af6e19a66dACf25429e0dEE1465c31318e9C,8610017658829691840
0xf38E04B856Ab129a5f097A3bC0aB7F9B5A8A379D,8608102714122941891
0xD1FB4d140aa11097838C296369c989aa2317BC04,8607339579619043280
0x8bF0083ECEA9bBE0b6cA47BDB3Cd1c39F10bDf02,8604593990322014735
0xD55Fd2610f7a3fD1a9a1e2B23909689Cb85D1561,8604141653615753434
0xb436141073EFE6C21aC6BE9A5Bb0D1D74F0ce87C,8603204364649138201
0x5c4A64aBD18C714BdE447BF32a8A34eDD3b63e25,8601609813171371656
0x97579172749e2Bc672e204891a43cBC0F87c8374,8600804138736914783
0x51318c2f3e7d9735EaE7E9c9838bB972742470e5,8600482374766517724
0x33Caf1E780FC8a92247F42A220cAEAFdE3B5D553,8599150217241449822
0xBF8641831D15c2701BA122981C3D7A6A2533ea48,8597605917762387258
0x2F9035F14D9134bEd45e2642Ae148f673f5eCB7e,8597096129040424356
0x81312Ad57EF129a6Cc8C3Ffc16816f7B512e0636,8596643703872266231
0xf5Fe364D18F4a5A53BADCe9a046ba74cfC97f6Fb,8596304475011213924
0x628D896988f2C56921F09dF2AED3549CaC359774,8592364695712971165
0x509aaF71f59b61F6e2184F8c2dB7dA0BaCF6d53a,8592224395842434373
0xB8e1f0f1E0AaB629eC07aE9e4FA680B58732c643,8590920915511065016
0x95121B5cf1C451331734593B2d3DeD7254667605,8590787927666818526
0xCe67d50b848392496B402314EF0FE4050B1ab935,8590628278501294101
0x78450a857347a10595aB92214a67d2ac3AeC562F,8590618272163008609
0x32ffC2374fA900FDe59D7B7388Bb4a9A9Dbe6123,8589802361124292611
0xc1E8A62e3C7cBc093FE83298989dFa41F7A915bC,8586938421640998342
0x8fA5ebb986fA6Db89291a383142BB756aB88428E,8585675864237602838
0x52dC01082fC06a78eF3910C101b7823df3277355,8584211304472814681
0x56f820BC0bB5326C74b804CEbAA37C3EE7524f8E,8583866622716367697
0x79E43018b8B1f39480B8E771724D508460b22461,8583428991756159906
0x77Ab4EBC6b9ca98F8036190d410d4D890A54F36D,8583284001412778046
0x157c091DeFbC75CD645D4966A0Cf23Ce254b3537,8581571114470726006
0x7Bf573Afd09ccdc18cA18AA388A9Efc9dbe0744b,8572801651179334173
0x6b30662CEFd52Bd5100f39531140307f6F9429ca,8572548883707298636
0x29913891AEC7Ac336aC3d39Fa244790B27437fb4,8572464545269748251
0x09Fc1031D03A78eD4f60463FA9749870d33439BC,8571684478276762205
0xA0efD27acC781549D5b78e89E561AA0903932d56,8570001425657318245
0xE7bFe9b78d32469796dEB029b2bea3d68773aec4,8569128757411244610
0xCfCE3Eeb6bB6526C2FAddf28036741B0eD09f829,8566793120572129712
0x9b4c436F40e7fbae7bAD8B7547A2E8652c71B6c5,8566591461100732618
0x5d787C33A3c7293E563d0586D06e84e83Ea69e05,8566241052054590542
0xbDf1301D0DB4417F985eBb04D9cB4A05AE07a9eF,8560924784198965336
0xd48f1A44e56526e96A983FF750559aa365810D5A,8559696048584713122
0xdd00f4ea1fe961BB699c7B7A7b9bDd7AD5c4B61a,8558909507208107120
0x63e62588330657c99BA79139e7C21aF0c0DB1E7e,8557663911340105591
0x1cCCBE36EE38DbbB2E40804BAfD7D2Ee8e0C7B1B,8551213589413843572
0xA1ebb64d1f19D36A31221fFAd19747EF573Cd5A4,8550856947121720421
0x70ad955d5F34991E81Dad7Ce2bBE418F8D5EDC07,8550149630021280344
0x3e3672B23eB22946A31263d2D178bF0fB1f4BBFD,8547448697600826692
0x185438489B86c96eac5EE80eF6Ab46B13991cFA1,8541712289308475022
0xdE708DEcb61D06eE30a95051DD203f43e0D44c70,8539221587454907855
0xf0093F94D7EE70c373221382b3171CfD17687A24,8538909915046480530
0x1d8c4d80464270AFB50576CAB66F08a29903747F,8536768370185058943
0x7803461284401fCd4880965F6F26D93333f47134,8534869615386559357
0x094Dc639f0c47B6Eca92936E142eCEA207b963E4,8533780444361667802
0x20a608d30b77773936a3aB3529d339B61dd7CD3d,8532828789810924066
0x76727AD8192E45115B8fdf29133E23A94f625E9e,8532729393588081682
0x2407Ae4297D548CFFd44b34048Bd835f486F5135,8531311133849090431
0x7453019b806919563EaC33870Fe5f8e5154fdF38,8530351746120709782
0x8E29a644a71B1c9Cac1C46A5d9099d17301c08f4,8529508454637673731
0xA7CbE59f4f6A39AcE67defE064a1cCF4d3588D4c,8529508454637673731
0xE4365Baf52D89D2dD82c44Ce37bEF62Cf0Af65b8,8526432574438040431
0x5B4FD404C33190d8d58A42e8714c773dEf75d7F0,8526196479344971566
0x06Dc0CBF44EED256C5975210095be703504a4541,8526157779750086388
0x01e863C402F2E901BA264c3B0b2D6b8606eff2BA,8525945298143511276
0x77BFeCac1D1Eb046D8a75C1D4cdABe267180646c,8524843256446561370
0x1444920Ce7885c67a6F37CE16891453589627417,8523289621311934571
0x4b9D8dde4c5cEb5BA567334d9fB86Cfc94282A03,8523263123805412651
0xf14A71BFCec8E077eFF7f545eEaAA9a7339f656b,8521550051280948802
0xaDAd33da46Ebf690D18812c4257238c3a9e3f1a2,8505436335583263605
0xBD37DC88cb8027201761D0BB1078a5458aA275d7,8493352795041573572
0xDAD411312B26A9f09A81906296A8F23353fFf41f,8484521152170500906
0xb460336e8850Ba79C56CfA6e47de2fcd3D2D3d63,8470238654539828964
0x7F460A59F049FE1235175fF99159EC75a6D6A2b6,8465986661824390317
0x26ca32b540Bdb8080A514F82705c9E9ab53A5207,8416446875828844736
0xf600fd970Bc2054d81AFb1646B50531D7567b22c,8395592155172866641
0x2BFe66759f0331066F3E7D57b3DC9a96bfC17927,8364249228329068802
0x01B3C6B59D3F22DDb443b53AD9F2dfcA330A4cdE,8304508956340917469
0x8e7c83D8a6577bbFA48493C94E7784B5B164cAf0,8095310290244348014
0xcdb7361E0793350BE029F2B1139621597e4CB053,8022481018254763903
0x86bBeb5cd50A16d5c8b76a916AC458CdB7251aDd,7396219973579702959
0xF5f61157f3c13e4bbC5C42E75Ae80946b72de83F,7385904140951524750
0x6D2965Ff15C7399cF22dE7A497fC50Df56bbAe81,7299515631708482688
0xdf47C23814dE96229d535D93bBF8e41196Fe8b7e,6875445679003554917
0xf9eBfE2B0c205c437214A714a28903859349ceDE,6468345399689085711
0x29195aAFF225f1638d3d7E2D7a9a99414b4AcEcE,5988905870956113347
0xfea9F1eD1f8c186626C1f4E81c60913a3F7E73Bd,3764944540477413346
0xb6aE392c3D209BEE9dEd8A2a434A47c05F651092,2477008288450678807
0x446Ccd4633512f321B400cF89c1877F8307F6C26,2422980114803642746
0x5e667D65D45cd511e7CdfbBC592196631C86C773,2295015353816479261
0x227033541b0B3b75fF258A47F5F8368fAd866497,2079067685817932970
0x10DbC99C90234E4447f0366e8368d688f622475A,2029789457642609089
0x8F4973646C18059FDA3672d7b7Dd505E911b40D8,1779297231607793881
0xC6563c29f364F7E661FE112A02caA987F87B956f,1701103842421801055
0xF608c749893b8475d3aa43fd04dD2D37028436b6,1678560852493543315
0xF84Bfa23C2ab766c47056011b26E2D12ade5C754,1636304670170296660
0xB84A050e53Ad7bDFFa7f8FBc1B10283Df89b2395,1601278576896923033
0xF5bdf3988BbF50367a484Bb33CaFBB531AcC871d,1541112998222531770
0x1f19eb6ed23882e87A7607f82778A0Cd0520c412,1159682919744196278
0xAe2d30CAE74298483b16Fe22d47e4F6eB943485f,662999220127094059
0xC98B1c64b32f1c6C795FaC68418b7D2003bC083A,639713134097825528
0xac460028455F70659a3FdD750FD7B030B3c6B589,304827079693541910
0x40dFc27Ca78B6fbcfb78E91D3D2426Cf6a281E39,14658024705269
0x7b7733df688C59a651E90e577c6A6619CC1999f5,54488388
